Model,Model_size_GB,Inference_Time_ms,BLEU_Score,Fact_Checking_Score_(0-100),TOPSIS_Score,Rank
Orion-14B_base,6.7,1.2,38.9,83,0.13816297324004914,4.0
PHI-2,1.7,0.9,36.4,87,0.39008387861441907,3.0
T5-base,0.7,1.5,37.4,85,0.8520873034926473,1.0
GPT-2,1.5,0.8,35.8,75,0.45318226200810097,2.0
Yi-34B,5.3,3.4,43.2,79,0.03852705640148845,5.0
